Last_Watched,Frequent_Watch,Reason_of_Watch,Frequent_Go_Cinema,Factors,  underrated geners, Action_Rate,Adventure_Rate,Comedy_Rate,Drama_Rate, Romance_Rate,Horror_Rate,Sci-fi_Rate,Musical_Rate,Family_Rate,Search_Before_Watch,Ads_effect,Usually_Disappoint,Cast,Genre,Director,Studio ,Reviews,Quality_ Story,Watching_Place,Why watching  home instead of cinema?, setup watching home, usuall way to watch movies at home, favorite Streaming Platform, Age, Major, Gender.,Critical Reviews,Friends' Opinions ,Internet Sites,TV Entertainment Programs
This month,Three or four times,Social media,I don't go to the Cinema,Quality of Story,,5,4,3,2,3,2,2,5,1,Maybe,Internet Sites,Sometimes,4,3,3,1,4,1,Home,,,,,19,Data Science,Female,0,0,0,0
This month,Three or four times,Recommended ,I don't go to the Cinema,Genre,,4,5,5,1,4,3,5,5,2,Usually ,Trailers,Sometimes,4,5,5,5,3,2,Home,,,,,20,Data Science,Male,0,1,0,0
Less than a week,Once or twice,Recommended ,Once or Twice a year,Quality of Story,,5,5,2,3,1,3,4,5,2,Usually ,Internet Sites,Sometimes,5,4,3,4,1,3,Home,,,,,20,Data Science,Male,0,0,1,0
Less than a week,Once or twice,Social Media,Once a month,Quality of Story,,5,4,5,2,1,5,4,3,2,Usually ,Internet Sites,Sometimes,4,5,2,1,4,5,Home,,,,,20,Data Science,Male,0,0,1,0
Less than a week,Less than once,Social Media,I don't go to the Cinema,Quality of Story,,3,5,3,3,3,4,5,3,5,Usually ,Internet Sites,Sometimes,5,5,5,3,3,5,Home,,,,,20,Data Science,Female,0,0,0,0
Last Month,Once or twice,Social Media,Once or Twice a year,Quality of Story,,5,5,3,4,5,2,5,2,4,Sometimes,Internet Sites,Sometimes,5,5,5,4,4,5,Home,,,,,20,Data Science,Female,0,0,0,0
Less than a week,More than four times,Recommended ,Once or Twice a year,Quality of Story,,3,4,5,3,3,1,4,5,5,Sometimes,Viral Videos,Sometimes,5,4,3,3,3,4,Home,,,,,21,Data Science,Female,0,1,0,0
This month,Three or four times,Social Media,Once or Twice a year,Quality of Story,,5,5,2,2,3,2,5,1,3,Usually ,Trailers,Usually,5,5,5,4,3,5,Home,,,,,20,Data Science,Female,0,0,0,0
Less than a week,More than four times,Trailers,Once a month,Quality of Story,,4,4,1,4,4,3,5,5,3,Sometimes,Trailers,Sometimes,4,5,3,3,2,5,Home,,,,,20,Data Science,Female,0,1,0,0
Less than a week,More than four times,Social Media,Once or Twice a year,Quality of Story,,2,2,5,5,5,3,5,3,5,Sometimes,Internet Sites,Sometimes,4,4,2,4,5,5,Home,,,,,19,Data Science,Female,0,0,1,0
Less than a week,More than four times,Internet Sites,Once or Twice a year,Directing,,3,3,2,3,3,1,3,1,2,Usually ,Internet Sites,Sometimes,3,4,1,1,4,3,Home,,,,,21,Data Science,Female,0,0,0,0
Last Month,Three or four times,Recommended ,Once or Twice a year,Quality of Story,,5,4,4,5,1,4,4,3,3,Sometimes,Trailers,Sometimes,5,5,4,4,3,5,Home,,,,,20,Data Science,Female,0,0,0,0
This month,Once or twice,Social Media,Once or Twice a year,Quality of Story,,1,1,4,4,3,1,1,2,3,Sometimes,Trailers,Sometimes,3,3,2,3,4,4,Home,,,,,21,Data Science,Female,0,0,1,0
Last Month,Once or twice,Recommended ,I don't go to the Cinema,Quality of Story,,1,2,4,3,4,2,4,3,4,Sometimes,Internet Sites,Sometimes,3,3,4,3,2,4,Home,,,,,20,Data Science,Female,0,0,0,0
This month,Three or four times,Recommended ,Once or Twice a year,Genre,,5,4,5,4,2,2,3,2,5,Usually ,Trailers,Sometimes,4,5,3,3,5,5,Home,,,,,20,Data Science,Male,0,0,0,0
I don't watch movies often,Less than once,Social Media,Once or Twice a year,Quality of Story,,3,3,1,1,1,2,3,1,2,Never,Internet Sites,Sometimes,4,4,2,5,5,5,Home,,,,,19,Data Science,Male,0,0,0,0
Less than a week,Once or twice,Recommended ,Once or Twice a year,Genre,,4,3,2,2,1,4,3,1,2,Sometimes,Internet Sites,Usually,3,4,1,1,5,3,Home,,,,,19,Data Science,Male,0,0,0,0
Less than a week,Three or four times,Social Media,I don't go to the Cinema,Quality of Story,,1,3,5,2,5,1,1,3,4,Sometimes,Internet Sites,Sometimes,4,1,3,3,4,5,Home,,,,,19,Data Science,Female,0,0,0,0
Less than a week,Once or twice,Social Media,Once or Twice a year,Quality of Story,,2,5,5,5,3,1,4,3,5,Sometimes,Viral Videos,Sometimes,3,5,1,1,4,4,Home,,,,,20,Data Science,Female,0,0,0,0
This month,Three or four times,Social Media,Once or Twice a year,Quality of Story,,3,4,5,5,5,4,3,2,5,Sometimes,Internet Sites,Sometimes,5,5,2,2,5,5,Home,,,,,20,Data Science,Female,0,0,0,0
I don't watch movies often,Less than once,Recommended ,I don't go to the Cinema,Acting,,4,5,5,1,1,4,5,1,1,Sometimes,Trailers,Usually,5,4,5,3,4,5,Home,,,,,21,Data Science,Male,0,0,0,0
Less than a week,More than four times,Recommended ,Once or Twice a year,Directing,,5,5,5,5,5,5,5,5,4,Sometimes,Internet Sites,Sometimes,2,1,5,1,3,3,Home,,,,,20,Data Science,Male,0,0,0,0
Less than a week,Three or four times,Social Media,I don't go to the Cinema,Quality of Story,,4,4,5,5,5,2,3,1,5,Usually ,Trailers,Sometimes,4,5,3,3,5,5,Home,,,,,20,Data Science,Female,0,0,0,0
Less than a week,Once or twice,Social Media,Once or Twice a year,Quality of Story,,3,3,2,3,1,1,1,1,2,Usually ,Internet Sites,Sometimes,1,5,2,5,5,5,Home,,,,,20,Data Science,Male,0,0,0,0
Less than a week,More than four times,Social Media,Once or Twice a year,Quality of Story,,3,3,5,1,1,3,2,4,3,Usually ,Viral Videos,Sometimes,4,4,4,2,3,5,Home,,,,,19,Data Science,Male,0,0,0,0
Last Month,Less than once,Social Media,I don't go to the Cinema,Quality of Story,,3,3,3,4,4,1,1,1,3,Sometimes,Trailers,Sometimes,5,3,5,3,5,5,Home,,,,,19,Data Science,Female,0,0,0,0
Less than a week,Three or four times,Recommended ,Once or Twice a year,Quality of Story,,2,3,3,3,3,3,2,1,3,Usually ,Trailers,Sometimes,2,3,1,1,2,4,Home,,,,,21,Data Science,Female,0,0,0,0
Less than a week,More than four times,Social Media,Once or Twice a year,Quality of Story,,5,5,5,4,4,2,5,4,2,Usually ,Viral Videos,Sometimes,4,3,1,1,4,5,Home,,,,,20,Data Science,Male,0,0,0,0
Less than a week,More than four times,Social Media,I don't go to the Cinema,Acting,,5,5,1,3,1,4,4,1,1,Usually ,Viral Videos,Never,4,5,4,2,3,5,Home,,,,,20,Data Science,Male,0,0,0,0
This month,Three or four times,Trailers,Once or Twice a year,Genre,,5,5,4,4,3,4,5,3,3,Sometimes,Trailers,Sometimes,5,5,4,2,4,5,Home,,,,,19,Data Science,Male,0,0,0,0
Less than a week,Once or twice,Trailers,I don't go to the Cinema,Quality of Story,,5,5,5,2,2,4,5,2,4,Usually ,Trailers,Sometimes,5,5,3,3,3,5,Home,,,,,20,Data Science,Male,0,0,0,0
I don't watch movies often,Less than once,Recommended ,Once or Twice a year,Acting,,4,4,1,2,3,1,4,1,2,Usually ,Trailers,Usually,3,4,3,2,4,4,Home,,,,,20,Data Science,Female,0,0,0,0
Less than a week,More than four times,Recommended ,Once or Twice a year,Quality of Story,,4,5,3,1,1,3,5,1,4,Usually ,Trailers,Sometimes,3,4,1,1,4,5,Home,,,,,21,Data Science,Female,0,1,0,0
This month,Once or twice,Social Media,Once or Twice a year,Acting,,2,4,2,1,2,5,5,4,3,Usually ,Internet Sites,Sometimes,5,4,4,4,4,5,Home,,,,,19,Data Science,Female,0,0,0,0
Less than a week,More than four times,Social Media,I don't go to the Cinema,Quality of Story,,4,4,4,3,2,3,4,2,1,Sometimes,Merchandising,Usually,3,4,1,1,2,4,Home,,,,,20,Data Science,Male,0,0,0,0
Less than a week,Once or twice,Recommended ,I don't go to the Cinema,Quality of Story,,5,5,5,2,1,1,5,5,1,Sometimes,Viral Videos,Usually,1,1,1,1,5,5,Home,,,,,19,Data Science,Male,0,1,0,0
Less than a week,More than four times,Social Media,Once a month,Acting,,3,2,4,4,4,3,4,1,3,Usually ,Viral Videos,Sometimes,2,3,2,4,4,4,Home,,,,,20,Data Science,Male,0,0,0,0
Less than a week,Once or twice,Internet Sites,Once or Twice a year,Acting,,5,4,2,4,5,3,4,1,1,Sometimes,Internet Sites,Usually,4,5,1,1,2,5,Home,,,,,19,Data Science,Male,0,0,0,0
Less than a week,Three or four times,Recommended ,Once or Twice a year,Quality of Story,,4,5,3,1,1,3,5,1,5,Never,Internet Sites,Sometimes,4,3,2,2,2,5,Home,,,,,19,Data Science,Male,0,0,0,0
Less than a week,Three or four times,Trailers,Once or Twice a year,Acting,,5,5,1,1,1,5,5,3,3,Usually ,Trailers,Sometimes,4,5,3,5,3,5,Home,,,,,19,Data Science,Male,0,0,1,0
Less than a week,More than four times,Recommended ,I don't go to the Cinema,Quality of Story,,5,5,3,5,1,4,5,3,1,Sometimes,Merchandising,Sometimes,5,3,5,4,5,5,Home,,,,,19,Data Science,Male,0,0,0,0
Less than a week,Three or four times,Recommended ,I don't go to the Cinema,Quality of Story,,4,5,1,5,1,4,1,1,3,Usually ,Trailers,Sometimes,3,5,1,3,5,5,Home,,,,,19,Data Science,Male,0,0,0,0
Less than a week,Three or four times,Recommended ,Once or Twice a year,Acting,,3,1,4,4,3,1,1,3,3,Usually ,Viral Videos,Sometimes,2,2,1,1,4,3,Home,,,,,19,Data Science,Female,0,0,1,0
Less than a week,More than four times,Internet Sites,I don't go to the Cinema,Quality of Story,,4,5,1,1,2,1,5,3,3,Usually ,Trailers,Sometimes,1,5,1,2,4,5,Home,,,,,20,Data Science,Female,0,0,0,0
I don't watch movies often,Less than once,Trailers,I don't go to the Cinema,Quality of Story,,2,3,1,1,3,3,3,3,2,Sometimes,Internet Sites,Sometimes,4,5,1,2,3,5,Home,,,,,20,Data Science,Female,0,0,1,0
This month,Once or twice,Trailers,Once a month,Genre,,2,4,4,5,2,2,4,5,4,Sometimes,Internet Sites,Almost Always,5,3,3,3,4,5,Home,,,,,19,Data Science,Female,0,0,1,0
This month,Once or twice,Social Media,I don't go to the Cinema,Quality of Story,,5,5,3,3,1,5,5,2,4,Usually ,Internet Sites,Sometimes,3,5,5,4,3,5,Home,,,,,20,Data Science,Female,0,0,1,0
Less than a week,More than four times,Recommended ,Once a month,Quality of Story,,3,4,2,2,4,3,1,1,2,Sometimes,Trailers,Sometimes,4,3,2,2,3,4,Home,,,,,19,Data Science,Female,0,0,0,0
Less than a week,Three or four times,Social Media,Once or Twice a year,Quality of Story,,1,2,3,4,2,1,1,2,3,Usually ,Trailers,Sometimes,2,2,4,2,3,4,Home,,,,,20,Data Science,Male,0,0,0,0
Less than a week,Less than once,Recommended ,I don't go to the Cinema,Acting,,5,2,5,4,4,2,3,3,4,Sometimes,Internet Sites,Sometimes,4,5,2,2,4,5,Home,,,,,20,Data Science,Female,0,0,0,0
Less than a week,Once or twice,Social Media,I don't go to the Cinema,Quality of Story,,1,5,3,3,4,3,5,2,3,Usually ,Viral Videos,Sometimes,3,4,2,2,4,5,Home,,,,,20,Data Science,Female,0,0,0,0
This month,Three or four times,Social Media,Once or Twice a year,Acting,,1,2,4,3,4,1,3,3,4,Usually ,Viral Videos,Sometimes,4,3,1,3,4,4,Home,,,,,20,Data Science,Female,0,0,1,0
Less than a week,More than four times,Social Media,Once or Twice a year,Quality of Story,,2,3,1,4,4,4,4,1,2,Usually ,Viral Videos,Sometimes,4,5,1,1,3,5,Home,,,,,21,Data Science,Female,0,0,1,0
Less than a week,Three or four times,Social Media,Once or Twice a year,Acting,,4,5,2,5,4,1,4,2,3,Usually ,Viral Videos,Sometimes,5,5,3,1,5,5,Home,,,,,20,Data Science,Female,0,0,0,0
Last Month,Less than once,Social Media,Once or Twice a year,Acting,,2,4,5,4,4,1,4,1,2,Usually ,Viral Videos,Usually,4,5,4,2,4,5,Home,,,,,20,Data Science,Female,0,0,1,0
Less than a week,More than four times,Social Media,Once a month,Quality of Story,,5,3,5,4,5,5,3,2,2,Sometimes,Viral Videos,Sometimes,5,4,2,2,4,5,Home,,,,,20,Data Science,Male,0,0,0,0
I don't watch movies often,Less than once,Trailers,Once a month,Quality of Story,,1,2,2,3,1,3,1,3,3,Sometimes,Print Advertising ,Usually,1,1,3,3,2,2,Home,,,,,20,Data Science,Female,0,0,0,0
I don't watch movies often,Once or twice,Social Media,I don't go to the Cinema,Quality of Story,,3,4,5,4,5,1,2,3,2,Sometimes,Viral Videos,Sometimes,4,5,3,2,4,5,Home,,,,,20,Data Science,Female,0,0,0,0
Less than a week,More than four times,Recommended ,Once or Twice a year,Quality of Story,,5,4,3,1,1,5,5,1,1,Sometimes,Print Advertising ,Sometimes,5,4,5,2,5,5,Home,,,,,21,Data Science,Female,0,0,0,0
Last Month,Once or twice,Internet Sites,I don't go to the Cinema,Quality of Story,,5,4,5,3,2,1,4,1,4,Usually ,Internet Sites,Sometimes,4,3,4,3,4,5,Home,,,,,21,Data Science,Male,0,0,0,0
This month,Once or twice,Social Media,I don't go to the Cinema,Quality of Story,,5,5,4,4,2,4,5,3,3,Sometimes,Trailers,Never,2,5,2,3,5,5,Home,,,,,19,Data Science,Male,0,0,0,0
Less than a week,Three or four times,Social Media,Once or Twice a year,Quality of Story,,5,3,4,2,2,4,2,1,5,Usually ,Trailers,Sometimes,4,3,3,4,2,5,Home,,,,,20,Data Science,Male,0,0,0,0
Less than a week,Three or four times,Internet Sites,I don't go to the Cinema,Directing,,5,1,1,5,5,5,1,5,1,Sometimes,Internet Sites,Sometimes,5,5,5,1,1,5,Home,,,,,21,Data Science,Male,0,0,1,0
This month,Once or twice,Social Media,I don't go to the Cinema,Quality of Story,,5,5,3,1,1,1,5,1,1,Usually ,Internet Sites,Never,3,4,5,5,5,5,Home,,,,,20,Data Science,Male,0,0,0,0
Less than a week,Three or four times,Social Media,Once or Twice a year,Acting,,2,4,2,3,4,4,4,1,2,Usually ,Internet Sites,Sometimes,1,5,1,1,4,5,Home,,,,,20,Data Science,Female,0,0,0,0
Less than a week,Once or twice,Trailers,Once or Twice a year,Quality of Story,,3,3,2,3,2,1,1,1,2,Usually ,Trailers,Usually,5,4,4,2,3,5,Home,,,,,21,Data Science,Male,0,1,0,0
Less than a week,Three or four times,Recommended ,I don't go to the Cinema,Quality of Story,,1,1,4,5,5,1,3,4,4,Sometimes,Internet Sites,Sometimes,5,5,3,1,3,5,Home,,,,,20,Data Science,Female,0,0,1,0
Less than a week,Three or four times,Social Media,More than once a month,Quality of Story,,3,3,1,3,2,2,1,2,1,Usually ,Trailers,Sometimes,4,5,5,3,4,5,Home,,,,,20,Data Science,Female,0,0,0,0
I don't watch movies often,Less than once,Trailers,I don't go to the Cinema,Quality of Story,,4,5,5,5,1,5,5,4,5,Never,Merchandising,Sometimes,5,5,5,5,5,5,Home,,,,,24,Data Science,Female,0,0,0,0
Less than a week,Three or four times,Recommended ,I don't go to the Cinema,Quality of Story,,2,2,3,3,3,1,3,2,3,Sometimes,Internet Sites,Sometimes,2,2,2,3,3,3,Home,,,,,20,Data Science,Female,0,0,1,0
I don't watch movies often,Once or twice,Social Media,I don't go to the Cinema,Quality of Story,Musical,3,4,5,4,5,1,2,3,2,Sometimes,Viral Videos,Sometimes,4,5,3,2,4,5,Home,It's more cozy and money saver,I watch movies in bed in my laptop,Downloaded from the Internet,Netflix,20,Data Science,Female,0,0,0,0
Less than a week,More than four times,Social Media,Once or Twice a year,Acting,no,2,3,4,5,3,3,4,2,3,Sometimes,Internet Sites,Sometimes,4,5,4,1,3,3,Home,feeling more comfortable ,laptop,Downloaded from the Internet,akoam,20,Data Science,Male,0,0,0,0
Last Month,Less than once,Social Media,Once or Twice a year,Quality of Story,comedy ig,3,3,5,2,1,2,4,3,3,Sometimes,Internet Sites,Never,1,1,1,1,3,4,Home,cuz i'm broke,no just on tv by screen mirroring,Downloaded from the Internet,any possible site,19,Translation,Female,0,0,0,0
Last Month,More than four times,Internet Sites,I don't go to the Cinema,Genre,Romantic,1,3,4,5,5,3,4,1,5,Never,Viral Videos,Sometimes,4,5,5,5,5,5,Home,More comfortable ,No only my room,Downloaded from the Internet,Not a specific one ,20,Data Science,Female,0,0,0,0
Less than a week,Less than once,Recommended ,Once or Twice a year,Acting,Yup,5,4,5,2,2,2,4,2,4,Usually ,Trailers,Sometimes,3,3,3,3,3,3,Home,Seve Time,No,Downloaded from the Internet,Cinema 4 u,20,Data Science,Male,0,0,0,0
Less than a week,Three or four times,Recommended ,I don't go to the Cinema,Directing,?????,1,5,5,4,5,2,4,3,5,Usually ,Viral Videos,Sometimes,5,5,2,1,4,5,Home,Comfort,On my bedroom with my snacks ,Downloaded from the Internet,Egybest,20,Data Science,Female,0,0,0,0
Less than a week,More than four times,Social Media,I don't go to the Cinema,Quality of Story,Underrated ,1,1,5,5,5,5,1,1,1,Sometimes,Internet Sites,Usually,5,5,1,1,5,5,Home,Because I don't have some one to go with him ,No,On TV,YouTube ,19,Data Science,Female,0,0,0,0
Less than a week,Three or four times,Trailers,I don't go to the Cinema,Quality of Story,  For me maybe the sportive and musical types ,2,3,2,2,3,4,1,1,1,Sometimes,Internet Sites,Sometimes,3,3,1,1,2,3,Home,"at home save money , more flexible at time . therefore, i watch my film comfortably because i stop or continue my film at any time i want ","My Laptop , i use my personal room",On TV,"Shahid 4u , Netflix and watch it ....",19,Data Science,Female,0,0,0,0
I don't watch movies often,Less than once,Social Media,Once or Twice a year,Acting,"histroical ?? ???? ??? ?? ???? 
?????? ?? ?????. ???? ???? ?????? ??????",5,3,2,1,1,1,5,1,1,Sometimes,Merchandising,Almost Always,5,5,5,1,1,5,Home,  ????? ??? ???? ???????? ????? ?? ??? ????? ?? ????? ?? ?????? ????? ???? ????? ?? ??? ???? ????? ?? ?? ???? ????, ?? ???????? ??????? ????? ????? ???? ?? ??? ??? ??? ????? ??????? ?? ?????,On TV, ??? ????? ????? ???? ??? ??? ?????,21,Data Science,Male,0,0,0,0
Last Month,Less than once,Social Media,I don't go to the Cinema,Quality of Story,Sci-fi,4,5,5,5,2,5,1,5,5,Usually ,Viral Videos,Usually,5,5,5,5,5,5,Home,I prefer watching movies laying in bed ,No,On TV,Netflix ,19,Data Science,Female,0,0,1,0
Less than a week,Once or twice,Internet Sites,I don't go to the Cinema,Quality of Story,Cartoons,2,2,2,3,4,1,2,4,3,Never,Internet Sites,Sometimes,4,3,4,3,3,5,Home,In home be more focused and relaxed ,Just my dark room and my laptop ,Downloaded from the Internet,Egybest  and mycinema ,20,Data Science,Male,0,0,0,0
Last Month,Three or four times,Trailers,Once or Twice a year,Acting,No,3,3,4,4,5,5,5,3,5,Sometimes,Trailers,Sometimes,4,4,5,3,4,4,Home,I dont like going to the cinema ,"My bed,my phone , earphones and anything to eat",Downloaded from the Internet,Egybest or cima club,19,Teaching,Female,0,0,0,0
I don't watch movies often,Less than once,Trailers,I don't go to the Cinema,Acting,I don't remember ,5,5,5,1,1,4,5,1,1,Sometimes,Trailers,Sometimes,4,4,4,3,4,5,Home,I'm lazy ,No,Downloaded from the Internet,Netflix ,21,Data Science,Male,0,1,0,0
Less than a week,More than four times,Social Media,Once a month,Quality of Story,No i dont think so,5,3,3,2,2,4,5,1,4,Sometimes,Trailers,Sometimes,2,2,2,4,4,5,Home,To aviod noise and saving money,No all i need is popcorn,On TV,Netfilx,19,Data Science,Male,0,1,0,0
I don't watch movies often,Less than once,Recommended ,Once or Twice a year,Quality of Story,Musical,1,5,3,5,5,5,5,5,5,Sometimes,Trailers,Sometimes,5,5,1,1,5,5,Home,I don't like cinema ,No,Downloaded from the Internet,Netflix ,20,Data Science,Female,0,0,0,0
Less than a week,Once or twice,Social Media,I don't go to the Cinema,Quality of Story,No,4,4,4,3,3,1,5,2,4,Sometimes,Internet Sites,Sometimes,3,3,4,4,4,5,Home,I don’t like being surrounded by so many people,No,Downloaded from the Internet,Shahid4u,19,Data Science,Female,0,0,0,0
Less than a week,Three or four times,Social Media,I don't go to the Cinema,Acting,Off course ,4,4,5,5,2,2,4,3,3,Usually ,Trailers,Sometimes,4,4,4,3,5,5,Home,cuz I'm lazy and cinema is too far from home ,"No, just the bed",Downloaded from the Internet,Wecima??,19,Data Science,Male,0,0,0,0
I don't watch movies often,Less than once,Recommended ,I don't go to the Cinema,Quality of Story,No,2,5,3,3,5,1,2,3,5,Sometimes,Trailers,Sometimes,4,4,5,4,3,5,Home,Because i prefer home more than cinema ,Yes my room,On TV,Telegram or YouTube ,19,Agriculture ,Female,0,0,0,0
Less than a week,Three or four times,Social Media,Once a month,Quality of Story,Science fiction ,5,4,4,5,3,3,4,2,4,Never,Trailers,Sometimes,5,3,4,3,2,5,Home,Better mode ,No,On TV,Hd today,19,Data Science,Male,0,0,0,0
Less than a week,Once or twice,Social Media,Once or Twice a year,Quality of Story,No,5,5,5,5,3,2,4,2,3,Sometimes,Internet Sites,Sometimes,5,5,5,3,3,5,Home,More comfortable than going to cinema,In laptop with some snacks ,Downloaded from the Internet,,21,Data Science,Male,0,0,1,0
Less than a week,Three or four times,Social Media,Once or Twice a year,Quality of Story,No,4,2,4,2,1,3,4,1,3,Sometimes,Internet Sites,Sometimes,4,3,4,4,3,5,Home,"Save time, money and effort
And if the movie is bad, then you won't miss anything",Only On the bed with a cup of tea,Downloaded from the Internet,Egybest ???? ????????? ,20,Data Science,Male,0,0,0,0
This month,More than four times,Social Media,Once or Twice a year,Quality of Story,History movies ,5,2,4,4,1,1,1,3,5,Usually ,Internet Sites,Usually,4,2,5,5,2,5,Home,I don't like gatherings ,I love having fun and the room is dark. I don't have a private room ,Downloaded from the Internet,google ,20,Data Science,Female,0,0,1,0
Less than a week,Three or four times,Social Media,Once or Twice a year,Acting,Adventure ,5,5,3,5,4,1,4,1,2,Usually ,Viral Videos,Sometimes,5,5,3,1,3,4,Home,Where i feel more relax and calm at home,ataania  I'm eating popcorn in front of my laptop under the blanket,Downloaded from the Internet,Telegram and Netflix ,20,Data Science,Female,0,0,0,0
Less than a week,Three or four times,Social Media,I don't go to the Cinema,Quality of Story,No,1,2,5,2,5,1,1,2,4,Sometimes,Internet Sites,Sometimes,3,1,2,2,4,5,Home,More exciting ,Room,Downloaded from the Internet,,19,Data Science,Female,0,0,0,0
Less than a week,Once or twice,Trailers,I don't go to the Cinema,Quality of Story,Yes,4,3,4,2,2,4,3,3,4,Sometimes,Viral Videos,Sometimes,4,5,4,4,3,5,Home,there aren't specific reasons ,"choose a good time, buy snacks ??",Downloaded from the Internet,Netflix,20,Teaching,Male,0,0,0,0
Less than a week,Three or four times,Social Media,Once or Twice a year,Quality of Story,.,5,5,3,4,3,5,5,5,2,Sometimes,Trailers,Sometimes,5,5,5,3,4,5,Home,More comfortable ,No i don’t,Downloaded from the Internet,Netflix ,20,Data Science,Male,0,0,0,0
Less than a week,More than four times,Trailers,Once or Twice a year,Quality of Story,Thriller there's not much thriller genres out there just a specific movies ,3,1,2,2,2,1,1,3,3,Usually ,Trailers,Sometimes,5,3,4,2,5,5,Home,I don't like interacting with people and it's more fun when you're alone ,On my bed with my laptop and my favorite snack ,Downloaded from the Internet,Netflix and Disney ,19,Phonatics,Female,1,0,0,0
Last Month,Once or twice,Recommended ,I don't go to the Cinema,Acting,No,5,2,3,4,4,5,2,1,1,Sometimes,Trailers,Sometimes,3,2,4,4,4,5,Home,I don’t like crowded places,I don’t have a specific setup,Downloaded from the Internet,Netflix ,20,Data Science,Male,0,1,0,0
Less than a week,Once or twice,Recommended ,Once or Twice a year,Acting,No,1,4,1,1,1,5,3,2,2,Usually ,Trailers,Sometimes,5,5,5,5,5,5,Home,More convenience,My room ,On TV,Tv,19,Data Science,Female,0,0,1,0
Less than a week,Three or four times,Recommended ,Once or Twice a year,Quality of Story,Nope.,1,5,3,1,5,2,4,5,1,Sometimes,Viral Videos,Sometimes,3,1,1,2,4,5,Home,More comfortable ,No just a laptop ,Downloaded from the Internet,"Netflix ,cima4u",20,Data Science,Female,0,0,0,0
Less than a week,More than four times,Recommended ,Once a month,Quality of Story,Sci-fi,3,2,2,3,4,4,3,4,2,Sometimes,Merchandising,Sometimes,3,4,5,5,3,5,Home,Cause that's more comfortable,I've a special room for watching movies ,On TV,Netflex ,20,Data Science,Male,1,0,0,0
This month,Once or twice,Social Media,I don't go to the Cinema,Quality of Story,May be no ,4,5,5,3,4,4,5,3,3,Sometimes,Trailers,Sometimes,5,5,4,4,5,5,Home,More comfortable for me ,"Yes , my room ",Downloaded from the Internet,,20,Data Science,Female,0,0,0,0
Less than a week,Once or twice,Recommended ,Once or Twice a year,Genre,Sci-fi,5,4,3,2,3,4,5,4,3,Never,Internet Sites,Sometimes,4,5,1,3,4,4,Home,I'm hyper active which makes me divide the film for small parts so I don't get bored ,Just the tv ,On TV,,20,Data Science,Male,0,0,0,0
I don't watch movies often,Once or twice,Recommended ,I don't go to the Cinema,Quality of Story,Family,1,3,2,1,1,1,1,5,5,Sometimes,Viral Videos,Sometimes,3,5,1,4,2,5,Home,Feels free to pause whenever I want to ,No special room or equipment ,Downloaded from the Internet,Google ,19,Data Science,Female,0,0,0,0
I don't watch movies often,Less than once,Recommended ,I don't go to the Cinema,Genre,Horror,4,4,5,4,3,1,5,1,4,Sometimes,Internet Sites,Sometimes,4,5,3,3,4,5,Home,"I don't like cinema, Watching movies at home is very amazing for me. ",Living room ,Downloaded from the Internet,YouTube,20,Data Science,Female,0,0,0,0
Less than a week,Once or twice,Social Media,I don't go to the Cinema,Acting,No,3,3,4,3,2,4,2,2,2,Usually ,Internet Sites,Sometimes,2,2,3,3,4,4,Home,Conform ,Yes,Downloaded from the Internet,,19,Molecular Biology,Female,0,0,1,0
I don't watch movies often,Less than once,Social Media,Once or Twice a year,Quality of Story,No,2,3,2,2,1,2,4,1,3,Sometimes,Word of mouth,Usually,1,3,1,1,2,4,Home,A massive increase in ticket pricing along with the fact that it is more convenient,Just my phone or tablet,Downloaded from the Internet,,19,Data Science,Male,0,0,0,0
Less than a week,Three or four times,Social Media,Once or Twice a year,Quality of Story,Festival Short films ,3,2,5,2,2,3,2,4,3,Sometimes,Trailers,Sometimes,4,3,4,2,3,5,Home,I hate nosie,Y,Downloaded from the Internet,,19,Data Science,Male,0,0,0,0
Less than a week,Three or four times,Social Media,Once or Twice a year,Quality of Story,Super hero movies,5,5,4,4,5,1,5,4,3,Usually ,Internet Sites,Sometimes,4,5,1,1,3,5,Home,It's hard to focus on the movie in the cinema with the noise,Tablet,Downloaded from the Internet,Netflix,20,Data Science,Male,0,0,0,0
Less than a week,Less than once,Recommended ,I don't go to the Cinema,Directing,Dramatic movies should be watched on a larger scale,2,2,2,3,3,1,2,2,3,Sometimes,Internet Sites,Sometimes,5,4,4,1,4,4,Home,Watching movies alone without disturbing is the only proper way to watch movies ,"No, doesn't really matter ",Downloaded from the Internet,Egybest (R.I.P??),19,Data Science,Male,0,1,0,0
I don't watch movies often,Less than once,Trailers,I don't go to the Cinema,Acting,No,4,4,1,1,5,5,4,2,3,Sometimes,Viral Videos,Sometimes,5,5,4,4,1,5,Home,I don't have much time to waste on going to the cinema. ,Yes,Downloaded from the Internet,Netflix ,19,Data Science,Male,0,0,1,0
Less than a week,Less than once,Internet Sites,Once or Twice a year,Genre,I don't think so ,1,1,3,3,1,3,1,1,1,Usually ,Trailers,Usually,3,5,2,2,2,5,Home,"1) Low cost 
2) Iam so lazy to go out 
3) Love to go with group of friends not alone which is not often available",No just TV screen or my laptop ,Downloaded from the Internet,Netflix,20,Data Science,Female,0,0,1,0
Less than a week,More than four times,Recommended ,Once or Twice a year,Quality of Story,Musical,5,4,4,5,3,5,5,2,2,Usually ,Trailers,Sometimes,5,5,4,4,4,5,Home,More comfortable ,"No , in my room ",Downloaded from the Internet,Netflix ,20,Data Science,Female,0,0,0,0
This month,Three or four times,Recommended ,I don't go to the Cinema,Quality of Story,No,3,3,3,5,5,1,4,1,1,Sometimes,Merchandising,Sometimes,5,5,2,3,4,5,Home,Feeling more comfortable ,My PC,Downloaded from the Internet,EgyBest,20,Data Science,Male,0,0,0,0
Last Month,Once or twice,Social media,I don't go to the Cinema,Quality of Story,I don't know as I don't follow people's opinions about movies.,5,5,4,3,2,3,5,2,4,Never,Internet Sites,Sometimes,3,4,2,2,3,5,Home,Home is more comfortable ,"Just a regular tv room, computer, or a tablet",On TV,,19,Data Science,Male,0,0,0,0
Less than a week,Three or four times,Recommended ,I don't go to the Cinema,Acting,No,4,5,4,5,5,1,4,3,5,Sometimes,Internet Sites,Sometimes,3,5,5,3,4,5,Home,Because I am not allowed to go to the cinema,On my bed in my room,Downloaded from the Internet,Watch it,19,Data Science,Female,0,1,0,0
This month,More than four times,Recommended ,Once or Twice a year,Quality of Story,no ,4,5,5,4,3,2,5,2,3,Sometimes,Internet Sites,Sometimes,4,3,3,3,4,5,Home,more comfortable,no i don't ,Downloaded from the Internet,Egybest or Netflix or maybe random sites,19,Student,Female,0,0,0,0
Less than a week,More than four times,Trailers,Once or Twice a year,Quality of Story,horror,5,5,5,3,3,1,5,2,2,Usually ,Trailers,Sometimes,5,5,3,5,4,4,Home,more comfort and to be in the mood of the movie,my room on the laptop,Downloaded from the Internet,egybest,20,Data Science,Male,0,0,0,0
Less than a week,Three or four times,Social Media,I don't go to the Cinema,Acting,no,3,3,3,3,3,3,3,3,3,Usually ,Trailers,Sometimes,3,3,3,3,3,3,Home,more comfortable ,no ,Downloaded from the Internet,,21,Data Science,Female,0,0,1,0
Less than a week,Once or twice,Internet Sites,Once or Twice a year,Quality of Story,Mystery ,2,4,3,5,4,1,2,1,3,Usually ,Viral Videos,Usually,4,5,2,1,3,5,Home,,,,,19,Data Science,Female,0,0,0,0
Less than a week,Three or four times,Recommended ,Once or Twice a year,Acting,No,3,3,2,1,2,2,3,2,2,Sometimes,Trailers,Sometimes,3,5,1,3,5,5,Home,,,,,20,Teaching,Female,0,0,0,0
Less than a week,Three or four times,Recommended ,I don't go to the Cinema,Quality of Story,No ,5,1,5,4,2,4,4,1,2,Usually ,Internet Sites,Sometimes,4,5,3,3,5,5,Home,,,,,20,Chemistry,Female,0,0,0,0
I don't watch movies often,Less than once,Trailers,I don't go to the Cinema,Acting,...............,5,5,5,1,1,1,1,1,2,Sometimes,Viral Videos,Usually,1,4,1,1,1,1,Home,I can watch it any time,my phone or laptop often TV,Downloaded from the Internet,................,24,Data Science,Female,0,0,1,0
Less than a week,More than four times,Social Media,Once or Twice a year,Genre,Documentary ,4,4,5,2,2,1,4,3,4,Sometimes,Viral Videos,Usually,5,5,3,4,4,4,Home,,,,,21,Psychology,Male,0,0,0,0
Less than a week,Once or twice,Recommended ,I don't go to the Cinema,Quality of Story,No,1,1,5,3,5,2,3,2,3,Never,Internet Sites,Sometimes,3,3,5,4,3,5,Home,More comfortable ,"No , I don't have ",Downloaded from the Internet,Egy best,20,Data Science,Male,0,0,0,0
This month,Once or twice,Social Media,Once or Twice a year,Quality of Story,I don't watch that many movies to be able to form an opinion on this matter ,5,3,4,5,1,1,3,1,2,Usually ,Viral Videos,Sometimes,2,4,3,1,5,5,Home,"1- I usually prefer to watch older movies which are not available in cinemas

2- No people talking and ruining the immersion

3- The cost and the time consumption (of going to and coming back from the cinema)

*Note: I believe some movies are better in the cinema (like Top gun: Maverick) but usually the experience of watching at home has been better for me. ",No special setup. ,Downloaded from the Internet,I usually pirate them unfortunately,21,Data Science,Male,0,0,0,0
Less than a week,Three or four times,Social Media,More than once a month,Quality of Story,Family,3,4,5,4,2,1,5,3,5,Usually ,Trailers,Sometimes,5,5,1,1,3,5,Home,"It is more comfortable 
I can do whatever i want while watching it ",I just set in my room,Downloaded from the Internet,Telegram ,21,Data Science,Male,0,0,1,0
Less than a week,More than four times,Social Media,I don't go to the Cinema,Quality of Story,Musical movies are underrated ,2,2,1,1,4,4,4,3,3,Usually ,Internet Sites,Sometimes,5,5,5,5,3,5,Home,Because you can control when to stop it and play it back if you missed something in movie and make your own snacks and watch the movie in comfort ,I don't have a specific setup,On TV,Egybest,21,Data Science,Male,0,0,0,0
Less than a week,Once or twice,Internet Sites,Once or Twice a year,Quality of Story,No,1,5,5,3,5,1,5,1,5,Usually ,Trailers,Sometimes,5,5,5,1,5,5,Home,Because watching films in home is more interesting and i usually don't like to go to cinema ,yes i have a special room,Downloaded from the Internet,from google,21,Data Science,Male,0,0,1,0
Less than a week,Once or twice,Recommended ,Once a month,Quality of Story,.,3,3,3,3,3,1,2,1,3,Sometimes,Internet Sites,Sometimes,3,2,3,2,3,4,Home,More comfortable and quiet,.,Downloaded from the Internet,.,21,Data Science,Male,1,0,0,0
Less than a week,Once or twice,Internet Sites,I don't go to the Cinema,Quality of Story,I would say that it's the Comedy genre,5,4,4,2,3,5,3,1,1,Never,Internet Sites,Sometimes,1,3,1,3,2,5,Home,I feel more comfortable in my home but that doesn't necessarily mean i don't enjoy a good night to the cinema ,"No, i don't have a setup currently ",Downloaded from the Internet,None specific ,21,Data Science,Male,0,0,0,0
Less than a week,Less than once,Social Media,Once or Twice a year,Quality of Story,Underrated,2,3,4,4,4,2,4,3,4,Usually ,Trailers,Sometimes,4,2,2,4,4,4,Home,To be more rest and comfortable,In living room. ,On TV,In mobile,21,Data Science,Male,0,0,0,0
Last Month,Less than once,Recommended ,I don't go to the Cinema,Quality of Story,No,4,3,2,3,4,3,3,1,2,Sometimes,Internet Sites,Sometimes,4,3,2,3,4,4,Home,I don't like cinema,I prefer the room to be dark ,Downloaded from the Internet,Egybest,21,Data Science,Male,0,1,0,0
This month,Once or twice,Recommended ,Once or Twice a year,Quality of Story,Yes,5,5,5,2,2,3,2,4,3,Sometimes,Viral Videos,Sometimes,4,4,1,1,5,5,Home,Cinema not worth paying always,TV,On TV,Netflix,21,Data Science,Male,0,1,0,0
I don't watch movies often,Less than once,Social Media,Once or Twice a year,Quality of Story,No,4,3,5,4,5,4,3,2,3,Sometimes,Viral Videos,Sometimes,1,5,1,1,3,5,Home,,,,,19,Data Science,Female,0,0,0,0
Last Month,Less than once,Internet Sites,I don't go to the Cinema,Acting,?? ?? ???? ???????,5,4,2,2,3,1,1,1,1,Never,Trailers,Sometimes,2,4,3,2,1,5,Home,"???? ???? ???? ???? 
???? ??? ???? ???? ",????? ???????? ?? 4500 ????,Downloaded from the Internet,?? ??? ?????? ??????? ,20,Data Science,Male,0,0,0,0
Less than a week,Less than once,Social Media,I don't go to the Cinema,Quality of Story,Adventure movies,5,4,4,4,2,1,1,1,5,Usually ,Internet Sites,Sometimes,5,5,5,4,4,5,Home,Because all films are available at  the internet ,I love watching movies at my bedroom with my Candy's ,Downloaded from the Internet,Egy best ,20,Data Science,Male,0,0,1,0
Less than a week,More than four times,Social Media,Once or Twice a year,Quality of Story,drama is very underrated ,1,2,5,5,4,4,5,3,5,Usually ,Merchandising,Usually,4,5,5,3,5,5,Home,more comfortable to watch at home,only my laptop and my room,Downloaded from the Internet,"Netflix,  hulu , Amazon prime",20,Data Science,Male,0,0,0,0
Less than a week,Three or four times,Social Media,Once a month,Directing,no there is not ,1,1,2,4,2,4,2,2,3,Sometimes,Internet Sites,Almost Always,2,3,2,3,1,3,Home,Home,NO I DON'T ,Downloaded from the Internet,i usually download movies ,20,Data Science,Male,0,0,0,1
Less than a week,More than four times,Social Media,Once a month,Directing,some old horror movies are underrated ,4,4,5,5,4,4,4,3,4,Sometimes,Internet Sites,Sometimes,5,4,5,4,5,5,Home,more comfortable ,my room,Downloaded from the Internet,HDO Box,20,Data Science,Male,0,0,0,0
This month,Less than once,Social Media,I don't go to the Cinema,Quality of Story,no,5,4,5,5,2,1,5,1,3,Sometimes,Internet Sites,Sometimes,4,5,2,2,4,5,Home,because no money,on my laptop,Downloaded from the Internet,Soap2day,20,Data Science,Male,0,0,0,0
This month,Once or twice,Social Media,I don't go to the Cinema,Acting,???? 1000 ????? ,4,5,4,2,2,5,5,5,3,Usually ,Internet Sites,Sometimes,5,4,4,5,4,5,Home,??? ???? ?????? ?? ???? ,?? ????? ,Downloaded from the Internet,Netflix ,20,Data Science,Male,0,0,0,0
This month,Once or twice,Internet Sites,I don't go to the Cinema,Quality of Story,??????? ???????,2,3,5,4,2,1,4,2,5,Usually ,Internet Sites,Sometimes,2,3,3,4,4,5,Home,???????? ?? ???? ????? ????? ???? ?? ????? ?????????,?? ???? ????,Downloaded from the Internet,????,20,Data Science,Male,0,0,0,0
Last Month,Once or twice,Recommended ,Once or Twice a year,Quality of Story,dramatic movies ,1,3,3,3,2,1,3,2,3,Usually ,Viral Videos,Sometimes,2,4,1,3,4,5,Home,Just easier ,my room + snacks,Downloaded from the Internet,Egybest,20,Data Science,Male,0,0,1,0
Less than a week,Three or four times,Social Media,I don't go to the Cinema,Quality of Story,The scent of a woman,3,3,1,3,3,3,2,1,1,Never,Trailers,Sometimes,4,3,4,4,2,5,Home,Easy and comfortable ,Having something to eat or to drink ,Downloaded from the Internet,Egybest ,20,Data Science,Male,0,0,0,0
This month,Once or twice,Recommended ,Once or Twice a year,Quality of Story,To all the boys,2,2,3,3,3,4,2,2,2,Usually ,Internet Sites,Sometimes,3,4,2,2,5,5,Home,Because its much easier to watch them online and I am more of a series guy.,I like to close all the lights and watch alone with my headphones to have the best experience and to focus deeply in the movie.,Downloaded from the Internet,Netflix,20,Data Science,Male,0,0,0,0
Less than a week,More than four times,Recommended ,Once or Twice a year,Quality of Story,No,5,5,4,4,2,5,5,1,4,Never,Merchandising,Sometimes,3,4,1,1,4,5,Home,It's easier and has a different atmosphere to it,I watch on the couch ,On TV,Shahid,20,Data Science,Male,0,0,0,0
Last Month,Once or twice,Social Media,Once or Twice a year,Acting,Underrated ,5,5,4,4,5,5,5,1,1,Usually ,Trailers,Sometimes,5,4,3,3,3,3,Home,More easy,Nothing ,Downloaded from the Internet,From the internet ,20,Data Science,Male,0,0,0,0
I don't watch movies often,Less than once,Recommended ,I don't go to the Cinema,Quality of Story,no,3,5,3,4,4,5,5,1,3,Usually ,Viral Videos,Sometimes,1,3,1,4,3,5,Home,More comfortable,Nothing special,Downloaded from the Internet,anime slayer : got high quality anime and most of them is available and free ,20,Data Science,Male,0,0,0,0
Last Month,Three or four times,Social Media,I don't go to the Cinema,Quality of Story,Comedy ,3,4,2,4,4,2,5,1,3,Usually ,Internet Sites,Sometimes,3,5,1,2,3,5,Home,It's more pruvet and more comfort," Making popcorn, drinking Pepsi, setting in my room alone  and closing the light ",Downloaded from the Internet,"Cima4u, egybest",20,Data Science,Male,0,0,0,0
Less than a week,More than four times,Social Media,I don't go to the Cinema,Quality of Story,No,2,2,4,5,5,3,5,2,4,Sometimes,Internet Sites,Sometimes,5,4,2,3,4,5,Home,I don't like to leave the house and also because I feel more comfortable watching the movie at home,No I see the movie in my room on laptop or my phone ,Downloaded from the Internet,"Drama slayer, egybest,viki",20,Data Science,Female,0,0,1,0
Less than a week,More than four times,TV time,I don't go to the Cinema,Quality of Story,No,3,3,4,3,5,4,5,3,4,Sometimes,Trailers,Never,5,3,4,3,4,2,Home,Comfortable and I can watch anything and anytime I want ,No,Downloaded from the Internet,Netflix ,19,Space Technology,Male,0,0,0,0
I don't watch movies often,Less than once,Social Media,Once or Twice a year,Quality of Story,No ,3,3,1,1,1,2,2,1,1,Never,Internet Sites,Sometimes,4,5,3,4,4,5,Home,Quiet ,Tv,Downloaded from the Internet,,19,Data Science,Male,0,0,0,0
Less than a week,Three or four times,Social Media,I don't go to the Cinema,Quality of Story,Romance,4,4,2,5,5,5,4,3,2,Never,Trailers,Sometimes,4,3,3,4,3,5,Home,Easy to reach and comfortable ,My bed and my tablet ,Downloaded from the Internet,Egybest ,19,Space Technology,Male,0,0,0,0
Less than a week,Less than once,Trailers,Once or Twice a year,Quality of Story,Idk,5,4,1,1,3,3,1,1,1,Sometimes,Trailers,Almost Always,5,5,5,5,3,5,Home,I don’t prefer ,Bringing snacks ,Downloaded from the Internet,Egybest,20,Data Science,Female,0,0,1,0
Less than a week,Three or four times,Internet Sites,I don't go to the Cinema,Acting,Musical,1,5,1,3,4,1,4,1,1,Usually ,Internet Sites,Sometimes,1,3,1,1,5,5,Home,To be away from any noise,I don't have setup,Downloaded from the Internet,Cimaclub,20,Data Science,Female,0,0,0,0
This month,Three or four times,Recommended ,I don't go to the Cinema,Quality of Story,Black box,1,3,5,5,1,3,4,1,2,Sometimes,Trailers,Sometimes,5,5,3,1,4,5,Home,It's far from home .,I lie in bed with my tablet and sometimes I lie on the sofa and watch TV,Downloaded from the Internet,Different sites on internet ,19,Data Science,Female,0,0,0,0
Less than a week,More than four times,Recommended ,Once or Twice a year,Quality of Story,"Yes , all old movies ",1,3,4,5,2,1,5,2,4,Usually ,Internet Sites,Sometimes,4,4,5,4,3,5,Home,"Sometimes, I don’t have enough money or I would whatching with my friends and sharing some comments and set comfortably ",the most important thing is snakes ,Downloaded from the Internet,Egybest,19,Data Science,Female,0,0,0,0
This month,Once or twice,Social Media,Once or Twice a year,Quality of Story,Family,3,3,5,5,5,3,2,2,5,Sometimes,Internet Sites,Sometimes,5,5,1,1,5,5,Home,..,Snacks,Downloaded from the Internet,Egybest,20,Data Science,Female,0,0,0,0
Less than a week,More than four times,Trailers,I don't go to the Cinema,Quality of Story,. ,5,5,4,3,4,1,3,1,4,Usually ,Viral Videos,Usually,3,5,3,1,3,5,Home,. ,. ,Downloaded from the Internet,,19,Space Technology,Female,0,0,0,0
Last Month,Three or four times,Recommended ,I don't go to the Cinema,Genre,Action ,1,5,1,5,3,1,3,4,3,Usually ,Viral Videos,Sometimes,2,1,1,2,5,5,Home,I like to be alone,Just popcorn,Downloaded from the Internet,It was egy best,19,Space Technology,Female,0,0,0,0
Less than a week,Once or twice,Social Media,Once or Twice a year,Quality of Story,??,1,4,4,1,3,5,5,1,3,Sometimes,Trailers,Sometimes,4,5,1,2,2,5,Home,?????? ?? ????? ????,?? ???????? ?? ?????? ???? ?? ??? ????????,On TV,?? ???? ????? ,19,Space Technology,Female,0,0,0,0
I don't watch movies often,Less than once,Recommended ,I don't go to the Cinema,Quality of Story,nope,4,4,3,3,3,3,5,1,1,Never,Viral Videos,Sometimes,1,1,1,1,4,5,Home,less money and night movies are the best,nope,Downloaded from the Internet,,19,Space Technology,Male,0,0,0,0
Less than a week,Once or twice,Social Media,More than once a month,Quality of Story,No,3,3,3,2,1,1,1,3,3,Sometimes,Internet Sites,Sometimes,5,5,5,5,5,5,Home,Because of time and cost,??????,On TV,????,19,Space Technology,Female,0,0,1,0
Less than a week,Three or four times,Recommended ,Once or Twice a year,Quality of Story,Horror,4,2,2,2,1,1,2,1,4,Usually ,Trailers,Usually,1,4,1,3,2,4,Home,"Quiet , not crowded",Set up the tv screen or laptop,Downloaded from the Internet,,19,Data Science,Female,0,0,0,0
I don't watch movies often,Less than once,Social Media,I don't go to the Cinema,Quality of Story,Un,4,3,2,5,5,5,5,5,5,Usually ,Internet Sites,Usually,2,3,3,4,2,4,Home,I don't have energy ,. ,Downloaded from the Internet,.,20,Intelligent Systems,Female,0,1,0,0
Less than a week,Once or twice,Social Media,Once or Twice a year,Quality of Story,Animation,1,2,4,3,2,4,2,1,2,Sometimes,Viral Videos,Usually,2,3,2,1,1,4,Home,Can watch the movie at my own pace ,Just regular sound surround system speakers,Downloaded from the Internet,Netflix,19,Veterinary Medicine,Female,0,1,0,0
This month,Three or four times,Social Media,Once or Twice a year,Quality of Story,No,4,4,1,3,3,4,1,1,3,Sometimes,Trailers,Sometimes,4,3,4,3,3,5,Home,My type,No,Downloaded from the Internet,Netflix ,20,Data Science,Male,0,0,0,0
Less than a week,More than four times,Social Media,I don't go to the Cinema,Quality of Story,No,4,4,1,4,2,3,4,1,1,Sometimes,Internet Sites,Sometimes,3,4,3,2,3,4,Home,Time ,No,Downloaded from the Internet,Pirate bay,20,Data Science,Male,0,0,0,0
Less than a week,Three or four times,Social Media,Once or Twice a year,Acting,Yes ,3,1,5,4,3,5,4,1,4,Usually ,Trailers,Sometimes,3,4,5,4,5,5,Home,Because become comfortable and cheaper ,LG or Samsung Tv smart or from phone ,Downloaded from the Internet,"Egybest , watch it , Netflix ",19,Data Science,Female,0,0,0,0
Less than a week,Less than once,Social Media,I don't go to the Cinema,Acting,No,3,2,4,3,2,1,4,1,4,Never,Viral Videos,Sometimes,3,2,1,2,4,4,Home,More comfortable and i can focus more,No just in living room ,On TV,Egybest,21,Data Science,Female,0,0,0,0
Less than a week,Less than once,Social Media,Once or Twice a year,Quality of Story,No,1,1,5,5,5,1,1,1,5,Sometimes,Internet Sites,Sometimes,5,5,4,4,5,5,Home,I love being at home,No,Downloaded from the Internet,Egy best,20,Biology,Female,0,1,0,0
I don't watch movies often,Less than once,Recommended ,I don't go to the Cinema,Quality of Story,No,2,4,3,1,1,5,1,1,1,Never,Trailers,Sometimes,4,4,1,1,1,5,Home,The VR and my headset makes watching movies at home something incredible ,"VR, Headset and some popcorn ",Downloaded from the Internet,?? egy.. ,22,Data Science,Male,0,0,0,0
Less than a week,Once or twice,Social Media,I don't go to the Cinema,Quality of Story,Mystery and detective fiction,4,5,2,5,5,4,2,4,4,Usually ,Internet Sites,Sometimes,3,5,4,3,2,5,Home,Comfy and inexpensive ,I like watching movies in bed with some snacks ,Downloaded from the Internet,Netflix and Egybest,20,Veterinary Medicine,Female,0,0,0,0
I don't watch movies often,Less than once,Trailers,I don't go to the Cinema,Quality of Story,Nope,3,4,1,4,2,2,1,1,1,Usually ,Trailers,Sometimes,3,1,4,1,2,4,Home,More free to react,"Food,water,tea,smoke",Downloaded from the Internet,Netflix,22,Data Science,Male,0,1,0,0
Less than a week,Three or four times,Recommended ,Once or Twice a year,Quality of Story,Not really I think all genres have their accurate index for appreciation ,4,5,4,4,4,3,5,2,3,Sometimes,Internet Sites,Sometimes,3,4,2,2,5,4,Home,I have more control over the movie and I am more comfortable ,I set my tv connected to my pc using an hdmi cable to show the movies I have downloaded or open a streaming platform like Netflix,On TV,Netflix,19,Cyber Security,Male,0,0,0,0
Less than a week,More than four times,Social Media,Once or Twice a year,Genre,Family,3,5,5,4,2,5,2,5,5,Usually ,Viral Videos,Sometimes,5,5,2,4,5,5,Home,It's affordable,No ,On TV,Stremio,20,Data Science,Female,0,0,0,0
Less than a week,Three or four times,Social Media,Once or Twice a year,Quality of Story,No,3,4,5,5,5,1,3,1,5,Usually ,Internet Sites,Sometimes,5,5,2,1,4,5,Home,Because it is something available at any time I want to watch ,"No , I watch in my lab or tab or phone at any room with some sweets",Downloaded from the Internet,Egybest,20,Data Science,Female,0,0,0,0
This month,Once or twice,Social Media,Once or Twice a year,Quality of Story,biography and documentaries ,5,4,4,5,4,3,3,2,5,Usually ,Viral Videos,Usually,5,4,5,3,5,5,Home,"Because it's much easier 
 for example I can pause the movie whenever I want","I usually use my laptop on my bed , in a dark room",Downloaded from the Internet,Egybest :(  ,19,Data Science,Male,0,0,0,0
Less than a week,Once or twice,Social Media,Once a month,Acting,I don't remember things now,4,4,5,3,2,2,4,1,4,Sometimes,Internet Sites,Usually,2,4,2,3,4,4,Home,More comfortable,Nop,Downloaded from the Internet,Egybest????,20,Data Science,Male,0,0,1,0
I don't watch movies often,Less than once,Trailers,Once or Twice a year,Genre,,3,2,4,1,1,2,3,1,2,Usually ,Trailers,Sometimes,2,5,1,1,4,4,Home,Saving time and money.,,Downloaded from the Internet,Not specified ,19,Engineering ,Male,0,0,0,0
Less than a week,Three or four times,Social Media,Once or Twice a year,Directing,Musicals,2,3,3,4,4,1,3,3,4,Usually ,Internet Sites,Sometimes,3,1,4,3,2,4,Home,It's more fun and comfortable ,No just on my laptop ,Downloaded from the Internet,Myflixer,19,Space Technology,Female,0,0,0,0
Less than a week,Less than once,Social Media ,I don't go to the Cinema,Acting,I think no,5,5,4,3,4,5,3,3,3,Sometimes,Viral Videos,Sometimes,5,5,5,5,5,5,Home,i love my home,my TV,On TV,mbc2,19,Business,Male,0,0,1,0
I don't watch movies often,Less than once,Trailers,Once or Twice a year,Quality of Story,No,1,4,5,4,5,1,5,5,3,Usually ,Trailers,Never,3,5,1,1,5,5,Home,I don't prefer it I am just too lazy to go to the cinema,No,Downloaded from the Internet,,21,Space Technology,Female,0,0,0,0
Less than a week,Once or twice,Social Media,Once a month,Genre,Idk,5,5,3,5,4,2,4,2,3,Sometimes,Internet Sites,Sometimes,4,3,5,5,3,4,Home,more comfortable ," laptop , no",Downloaded from the Internet,Netflix ,21,Data Science,Female,0,0,1,0
Less than a week,Once or twice,Social Media,Once or Twice a year,Quality of Story,Fantasy,3,4,4,4,2,2,5,5,2,Usually ,Internet Sites,Sometimes,4,1,5,2,2,3,Home,I like that kind of entertainment with being alone,Just nothing only me and my phone/TV/Laptop ,Downloaded from the Internet,Cimaclub,19,Space Technology,Female,0,0,1,0
This month,Three or four times,Social Media,Once or Twice a year,Acting,no,5,5,2,4,2,3,5,1,2,Sometimes,Viral Videos,Sometimes,4,5,3,1,1,5,Home,"Because , I'm lazy and it's more comfortable that way.",my laptop,Downloaded from the Internet,pass,19,Data Science,Male,0,0,0,0
This month,Once or twice,Trailers,I don't go to the Cinema,Quality of Story,Historical movies ,2,4,5,1,4,5,1,1,2,Usually ,Trailers,Sometimes,5,5,1,4,4,5,Home,To Save the time,I watch movies on my phone or tablet and usually watch them in my room. ,Downloaded from the Internet,shahid- Telegram channels -   different websites on Google search ,20,Teaching,Female,0,0,0,0
Less than a week,Once or twice,Social Media,Once or Twice a year,Genre,Historical,2,3,3,3,3,3,3,2,1,Usually ,Trailers,Sometimes,5,5,1,1,5,5,Home,Jusy more comfy,Labtop,Downloaded from the Internet,Livecima4u,21,Intelligent Systems,Female,0,0,0,0
Less than a week,Once or twice,Social Media,Once or Twice a year,Quality of Story,Sci-fi ,3,4,3,2,1,3,4,1,3,Usually ,Internet Sites,Sometimes,4,4,2,2,3,4,Home,Not restricted to a Time plan ,On my phone or TV ,Downloaded from the Internet,Netflix ,21,Data Science,Male,0,0,0,0
Last Month,Once or twice,Social Media,More than once a month,Quality of Story,Drama ,1,3,3,3,2,1,4,1,4,Usually ,Trailers,Sometimes,4,5,2,2,4,5,Home,Comfort zone,Laptop and headset,Downloaded from the Internet,Egybest,21,Data Science,Female,0,0,0,0
I don't watch movies often,Less than once,Recommended ,I don't go to the Cinema,Quality of Story,May be some romantic movies,3,5,5,3,1,2,1,3,5,Usually ,Internet Sites,Sometimes,5,5,5,5,5,5,Home,More comfortable ,No ,Downloaded from the Internet,Egypest ,22,Data Science,Female,0,0,0,0
Less than a week,More than four times,Recommended ,I don't go to the Cinema,Directing,Drama,1,2,3,5,4,1,4,1,1,Usually ,Viral Videos,Sometimes,2,3,5,1,3,5,Home,"more comfy, less expensive","no setup, just my pc and I",Downloaded from the Internet,the pirate bay,21,Data Science,Male,0,0,0,0
Less than a week,Once or twice,Recommended ,Once or Twice a year,Quality of Story,Comedy,5,5,5,3,2,4,4,1,3,Usually ,Trailers,Usually,3,5,5,4,4,5,Home,money and no cinema where i am at and home is more comfortable. ,no,Downloaded from the Internet,egybest,20,Data Science,Male,0,0,0,0
Less than a week,Once or twice,Recommended ,I don't go to the Cinema,Quality of Story,No,4,3,4,1,4,1,2,3,5,Sometimes,Viral Videos,Sometimes,4,4,5,3,4,5,Home,Because I love to be alone,No ,Downloaded from the Internet,From weciima website,21,Data Science,Male,0,0,0,0
This month,Once or twice,Social Media,I don't go to the Cinema,Quality of Story,No ,1,2,2,3,3,2,3,1,3,Usually ,Viral Videos,Usually,3,5,5,4,1,4,Home,I love spending time alone cozy in my bed ,no i don't ,Downloaded from the Internet,No thing in particular ,21,Data Science,Female,0,0,1,0
Last Month,Once or twice,Social Media,I don't go to the Cinema,Quality of Story,.,1,3,3,2,1,2,1,2,3,Usually ,Internet Sites,Sometimes,1,2,2,2,2,3,Home,????? ??? ,No,Downloaded from the Internet,Cimaclubs,20,Data Science,Female,0,0,0,0
Last Month,Once or twice,Recommended ,Once or Twice a year,Quality of Story,"One genre that is often overlooked is the independent film genre. Independent films are often made with a smaller budget and may not receive the same level of promotion or distribution as major Hollywood films. However, many independent films offer unique perspectives and storytelling that can be just as powerful and thought-provoking as big-budget films.
",4,3,3,3,4,4,5,2,2,Sometimes,Trailers,Sometimes,4,4,5,3,4,5,Home,Comfort at home,My TV and my bed and turn off the light,Downloaded from the Internet,EgyBest ??,22,Data Science,Male,0,1,0,0
Less than a week,Three or four times,Recommended ,Once or Twice a year,Acting,No,3,2,5,4,4,3,4,3,4,Sometimes,Internet Sites,Sometimes,4,3,2,2,5,4,Home,"less of cost
do not waste time
home is more comfortable ",my laptop only,Downloaded from the Internet,egybest,20,Data Science,Female,0,0,0,0
Less than a week,Once or twice,Trailers,I don't go to the Cinema,Acting,Horror,5,4,4,1,2,5,4,3,3,Sometimes,Trailers,Sometimes,2,5,2,4,2,4,Home,The comfort of my home is better ,"Just a screen with built in speakers, no special setup",Downloaded from the Internet,,21,Data Science,Male,0,1,0,0
Less than a week,Three or four times,Social Media,Once or Twice a year,Directing,Fiction movies ,4,5,3,3,4,5,3,1,3,Sometimes,Internet Sites,Sometimes,5,3,1,1,5,4,Home,"Skip unnecessary scenes, more comfy "," Smart television , room ",Downloaded from the Internet,any available site ,20,Data Science,Female,0,1,0,0
Less than a week,Once or twice,Internet Sites,Once or Twice a year,Acting,Most of DC movies,5,4,2,4,3,4,3,1,1,Sometimes,Internet Sites,Usually,3,5,2,1,3,4,Home,It easy to watch in home,No,Downloaded from the Internet,Net flex,19,Data Science,Male,0,0,0,0
Less than a week,Once or twice,Social Media,Once or Twice a year,Quality of Story,Crime and thriller ,5,4,1,1,1,3,4,1,3,Usually ,Trailers,Sometimes,4,5,2,3,3,5,Home,Mainly the convenience ,"No just a very humble 1080p just shy of 50"" tv and occasionally I watch on my laptop or my phone",Downloaded from the Internet,I think you mean piratcy website but usually my go-to is arabseed,19,Cyber Security,Male,0,0,0,0
Less than a week,Once or twice,Trailers,I don't go to the Cinema,Quality of Story,No,5,4,2,2,2,3,4,2,1,Usually ,Internet Sites,Sometimes,4,4,3,4,5,4,Home,Because the cinema need many arrangements.. in home just take my phone and open the website ,No in my office ,Downloaded from the Internet,Egybest-good please  you_??.. Netflix.. watch,21,Data Science,Male,0,0,1,0
Less than a week,Once or twice,Recommended ,I don't go to the Cinema,Quality of Story,Musical ,3,3,3,2,1,1,4,4,3,Usually ,Internet Sites,Sometimes,4,3,3,4,4,4,Home,More comfortable ,Nothing ,Downloaded from the Internet,,20,Data Science,Female,0,0,0,0
This month,Once or twice,Social Media,Once or Twice a year,Quality of Story,?? ?????? ???? ,3,3,4,2,5,2,5,5,5,Sometimes,Internet Sites,Usually,5,5,2,2,4,5,Home,???? ???? ????? ? ?? ???? ????,?? ?????? ???? ????? . ????? ??? ??????? ?? ?? ????????? ???? ,Downloaded from the Internet,???? ( ??? ???? / ???? ??? ?? / ???? ???),19,Data Science,Female,0,0,0,0
Less than a week,Once or twice,Internet Sites,Once or Twice a year,Directing,I don't think that,4,5,3,4,5,3,5,1,2,Usually ,Trailers,Sometimes,4,3,4,1,1,5,Home,There is no cost in home ,No setup and. no room or equipment ,Downloaded from the Internet,Egybest,20,Data Science,Male,0,0,0,0
Less than a week,Three or four times,Trailers,I don't go to the Cinema,Acting,Old classic movies,5,3,2,4,5,5,4,1,1,Usually ,Trailers,Sometimes,4,2,5,5,5,5,Home,Home,I love watching movies in my room ,Downloaded from the Internet,Shahd4u,20,Data Science,Male,0,1,0,0
This month,Less than once,Trailers,Once or Twice a year,Genre,Yes sci fi is underappreciated ,5,5,1,1,1,1,4,1,1,Sometimes,Print Advertising ,Sometimes,5,5,2,5,5,5,Home,Feel more comfy ,No,Downloaded from the Internet,,21,Data Science,Male,0,0,1,0
Less than a week,More than four times,Trailers,I don't go to the Cinema,Quality of Story,???? ???? ,1,2,3,2,1,1,3,2,3,Sometimes,Trailers,Usually,5,1,3,2,4,5,Home,"at hoom , very comfortable ","Yes, i have a special room to watching movies",On TV,Downloading by My computer ,19,Teaching,Female,0,0,0,0
I don't watch movies often,Less than once,Loving a certain actor ,I don't go to the Cinema,Acting,Mystery ,3,5,5,5,5,3,5,2,3,Usually ,Trailers,Sometimes,5,5,1,1,3,5,Home,It's more comfortable and make me to choose the most suitable time for me.,Only watching ,Downloaded from the Internet,,20,Data Science,Male,0,0,1,0
Less than a week,Three or four times,Social Media,Once or Twice a year,Acting,I think musical ones can be so cool but not all people like music so..?????,1,3,2,3,3,3,3,2,3,Usually ,Viral Videos,Sometimes,4,5,1,3,5,5,Home,I think i like being comfortable in my on bed watching and making comments in my own way without being judged from the people around me,"No, i don't",Downloaded from the Internet,"That's a hard question, i don't have a specific site or platforms ?? and i would be glad if u recommend one??",19,Agriculture ,Female,0,0,1,0
This month,Once or twice,Social Media,Once or Twice a year,Quality of Story,??????? ??????? ,3,3,5,3,3,5,5,3,3,Never,Internet Sites,Sometimes,2,4,1,1,1,4,Home,???? ???? ??? ???????? ? ??? ??????,????? ??????? ,Downloaded from the Internet,???? ,23,Engineering ,Female,0,0,0,0
I don't watch movies often,Three or four times,Internet Sites,I don't go to the Cinema,Quality of Story,?? ????? ,1,3,4,4,4,4,4,3,4,Sometimes,Internet Sites,Never,2,4,1,1,4,4,Home,????? ???? ????,?? ,Downloaded from the Internet,Egybest ,21,Data Science,Female,0,1,0,0
Less than a week,More than four times,Social Media,Once or Twice a year,Genre,Family underrated ,4,4,2,3,4,3,1,1,3,Sometimes,Viral Videos,Usually,4,2,1,1,4,4,Home,Money and home any time i can watch,No,Downloaded from the Internet,"Google,telegram",20,Science,Female,0,0,1,0
Less than a week,Three or four times,Recommended ,I don't go to the Cinema,Genre,Fantasy,4,1,4,2,2,5,1,5,4,Sometimes,Trailers,Sometimes,3,1,5,5,2,2,Home,I don't like watching in a large number of people,On laptop ,Downloaded from the Internet,Egy best ,19,Space Technology,Female,0,1,0,0
This month,Once or twice,Social Media,I don't go to the Cinema,Quality of Story,No,5,4,3,1,1,5,1,1,1,Sometimes,Internet Sites,Sometimes,3,1,3,2,2,5,Home,Home sweet home ,No,Downloaded from the Internet,Egybest,20,Data Science,Male,0,0,1,0
Last Month,Less than once,Social Media,I don't go to the Cinema,Quality of Story,Yes,4,3,5,4,5,2,3,1,5,Sometimes,Viral Videos,Sometimes,5,4,4,2,4,5,Home,It's save time,"Snacks, No at any room",Downloaded from the Internet,Egybest,19,Data Science,Female,0,1,0,0
This month,Once or twice,Social Media,I don't go to the Cinema,Quality of Story,?? ?????,1,2,3,5,5,1,1,1,1,Usually ,Internet Sites,Sometimes,1,1,3,3,3,4,Home,?? ????? ???? ,??? ????? ????,Downloaded from the Internet,??? ???,20,Teaching,Female,0,0,0,0
Less than a week,Less than once,Recommended ,I don't go to the Cinema,Quality of Story,I have no idea,3,4,2,1,2,2,4,1,1,Sometimes,Viral Videos,Usually,4,4,4,2,4,5,Home,I love home ,Just tv or my laptop with popcorn ,Downloaded from the Internet,egybest,20,Data Science,Female,0,0,0,0
This month,Once or twice,Recommended ,Once or Twice a year,Directing,Mystery ,3,4,2,5,3,3,5,1,2,Sometimes,Internet Sites,Sometimes,5,3,5,3,3,4,Home,Not all movies are worth watching at the cinema.,Simply in my bedroom at night with my brother or friend.,Downloaded from the Internet,Netflix,20,Data Science,Male,0,0,0,0
I don't watch movies often,Once or twice,Recommended ,Once or Twice a year,Quality of Story,No,1,5,3,4,4,2,4,1,3,Usually ,Trailers,Sometimes,4,5,2,2,5,5,Home,I like watching movies at home because I feel more free and can control the volume and take a break anytime I want.,I prepare snacks popcorn and nescafe.,Downloaded from the Internet,,21,Data Science,Female,0,0,0,0
Less than a week,Once or twice,Recommended ,Once or Twice a year,Quality of Story,drama,5,5,5,2,1,1,4,1,4,Sometimes,Internet Sites,Sometimes,4,5,3,3,4,5,Home,because the cenima is cost and far from my home,i have a laptop. yes i have my room,Downloaded from the Internet,mycima and egybest ,21,Data Science,Male,0,0,0,0
This month,Once or twice,Trailers,I don't go to the Cinema,Genre,No,5,5,3,3,4,1,3,2,5,Sometimes,Internet Sites,Never,3,5,1,1,4,3,Home,To watch it with the family ,Yes there os a special room,Downloaded from the Internet,Egybest ,20,Data Science,Female,0,0,0,0
This month,Three or four times,Recommended ,I don't go to the Cinema,Quality of Story,Nope,3,4,1,5,1,4,1,1,3,Usually ,Trailers,Sometimes,4,5,3,3,4,5,Home,"Lazy, also more Comfortable at home",No just a regular tv,Downloaded from the Internet,Netflix ,19,Data Science,Male,0,0,0,0
Less than a week,Once or twice,Recommended ,Once or Twice a year,Quality of Story,No answer ,5,5,4,4,3,2,2,2,2,Sometimes,Viral Videos,Usually,5,5,4,4,3,2,Home,Not tired,No answer ,On TV,No answer ,20,Data Science,Male,1,0,0,0
Less than a week,Three or four times,Recommended ,Once a month,Quality of Story,Family ,5,3,5,3,3,5,4,3,1,Usually ,Print Advertising ,Sometimes,4,3,5,3,4,5,Home,More comfortable ,No,Downloaded from the Internet,,20,Data Science,Male,0,0,0,0
This month,Three or four times,Social Media,Once or Twice a year,Quality of Story,Family,3,4,5,4,2,1,5,2,5,Sometimes,Internet Sites,Sometimes,4,5,1,1,4,4,Home,Movies I want to watch are not always fun in cinemas ,No,Downloaded from the Internet,Akwam,20,Data Science,Female,0,0,0,0
This month,Once or twice,Recommended ,Once or Twice a year,Quality of Story,Musical ,5,4,3,5,5,5,4,2,3,Usually ,Internet Sites,Sometimes,5,4,3,3,3,4,Home,More comfortable ,my room ,Downloaded from the Internet,Netflix ,20,Data Science,Female,0,0,0,0
Less than a week,Three or four times,Social Media,I don't go to the Cinema,Acting,..,4,4,3,5,3,2,4,5,3,Usually ,Trailers,Sometimes,1,3,1,1,4,4,Home,I don't like cinema because alot of people are there,My cima ,Downloaded from the Internet,"Mycima, egybest in the past",20,Science,Female,0,0,1,0
Less than a week,Less than once,Social Media,I don't go to the Cinema,Acting,Musical,2,3,5,3,4,1,3,1,1,Usually ,Viral Videos,Usually,3,5,2,1,4,5,Home,"More quite, can stop movie as i can and rewatch it many times without much cost","Mobile or tablet . No, l don't have, any where in my home is good",Downloaded from the Internet,Websites like Egybest or telegram ,20,Data Science,Female,0,0,0,0
Less than a week,Less than once,Social Media,I don't go to the Cinema,Quality of Story,Science fiction and adventure,1,5,4,4,4,3,5,2,2,Usually ,Internet Sites,Sometimes,3,5,2,2,4,5,Home,Cinema is expensive and home is cozy to watch while eating snacks and sitting comfortably ,No just tv,Downloaded from the Internet,Egybest ???? ??? ????? ??,20,Graphic Design,Female,0,0,0,0
Less than a week,Three or four times,Social Media,I don't go to the Cinema,Acting,"Forgotten, insidious",2,1,3,2,1,3,2,2,2,Usually ,Viral Videos,Sometimes,3,5,3,3,4,5,Home,To prepare my favourite environment for watching ,Smart TV or laptop,Downloaded from the Internet,Egybest?????,20,Data Science,Female,0,0,0,0
Last Month,Once or twice,Recommended ,Once or Twice a year,Quality of Story,No I don't think that there's something underrated ,3,3,2,4,3,5,1,1,2,Usually ,Trailers,Usually,5,5,2,1,5,5,Home,"So that whenever I want to watch a movie it's easy? I don't have to wait some time so that I'm able to go to the cinema ",No,Downloaded from the Internet,Wherever i find movies,21,Data Science,Female,0,0,0,0
This month,Once or twice,Social Media,Once or Twice a year,Quality of Story,Family,3,4,5,5,5,4,3,3,5,Sometimes,Internet Sites,Sometimes,5,5,3,3,5,5,Home,No reason,Snacks,Downloaded from the Internet,Egybest,20,Data Science,Female,0,0,0,0
Less than a week,Less than once,Internet Sites,I don't go to the Cinema,Quality of Story,"No, there are not",3,4,3,4,3,1,3,3,3,Usually ,Internet Sites,Almost Always,3,4,2,1,4,4,Home,I can watch any movie i want at the time i want,No,Downloaded from the Internet,,19,Data Science,Male,0,0,0,0
Less than a week,Once or twice,Social Media,I don't go to the Cinema,Quality of Story,musical films,3,3,4,2,3,4,4,1,4,Never,Internet Sites,Sometimes,5,4,1,1,5,5,Home,more comfortable to me ,I watch in my bed room with popcorn ,On TV,,19,Data Science,Female,0,0,0,0
Less than a week,Less than once,Recommended ,I don't go to the Cinema,Acting,Musical and Historical,5,3,5,4,4,1,2,2,4,Sometimes,Internet Sites,Sometimes,5,5,1,3,3,5,Home,Because there is no noise in the house and this makes me feel more enjoying the movie,nothing,Downloaded from the Internet,Egybest,20,Data Science,Female,0,0,0,0
Last Month,Once or twice,Recommended ,Once or Twice a year,Acting,Yes,5,5,5,2,2,3,2,1,2,Usually ,Internet Sites,Sometimes,5,4,3,3,5,5,Home,Because that I can watch any time I want and it cheaper than cinema ,Comedy and Action in my room,Downloaded from the Internet,Egybest,19,Nursing,Female,1,0,0,0
Last Month,Once or twice,Recommended ,I don't go to the Cinema,Quality of Story,No,2,2,3,3,1,1,3,1,1,Usually ,Trailers,Sometimes,1,4,1,1,1,1,Home,Githoffko,Hi the fciy,Downloaded from the Internet,Yuvdukvd,19,Media,Female,0,0,1,0
Last Month,Less than once,Recommended ,I don't go to the Cinema,Quality of Story,I don't think ,2,2,5,4,4,2,1,1,5,Usually ,Internet Sites,Sometimes,5,5,1,1,1,3,Home,More comfortable ,No,Downloaded from the Internet,Any thing,19,Data Science,Female,0,0,1,0
Last Month,Once or twice,Internet Sites,Once or Twice a year,Quality of Story,Psychological / ,2,3,4,5,5,1,5,3,4,Usually ,Internet Sites,Sometimes,3,5,2,1,5,5,Home,Going to cinema costs a lot,"Setting in my room , turn off the light  and have a drink and any thing to eat",Downloaded from the Internet,Telegram / egybest,20,Nursing,Female,0,0,0,0
